"demo"	"Hospital-1"	"A"	"2013-02-01 11:40:00"			"DEMO"	
"demo"	"Hospital-2"	"A"	"2013-02-01 11:40:00"			"DEMO"	
"demo"	"Hospital-3"	"A"	"2013-02-01 11:40:00"			"DEMO"	
"demo"	"Hospital-4"	"A"	"2013-02-01 11:40:00"			"DEMO"	
"demo"	"Hospital-5"	"A"	"2013-02-01 11:40:00"			"DEMO"	
"demo"	"Hospital-7"	"A"	"2013-02-01 11:40:00"			"DEMO"	
"demo"	"Hospital-8"	"A"	"2013-02-01 11:40:00"			"DEMO"	
"demo"	"Hospital-6"	"A"	"2013-02-01 11:40:00"			"DEMO"	
"demo1"	"Hospital-1"	"A"	"2013-02-01 11:40:00"			"DEMO"	
"demo10"	"Hospital-1"	"A"	"2013-02-01 11:40:00"			"DEMO"	
"demo10"	"Hospital-3"	"A"	"2013-02-01 11:40:00"			"DEMO"	
"demo11"	"Hospital-1"	"A"	"2013-02-01 11:40:00"			"DEMO"	
"demo11"	"Hospital-5"	"A"	"2013-02-01 11:40:00"			"DEMO"	
"demo11"	"Hospital-6"	"A"	"2013-02-01 11:40:00"			"DEMO"	
"demo2"	"Hospital-2"	"A"	"2013-02-01 11:40:00"			"DEMO"	
"demo3"	"Hospital-3"	"A"	"2013-02-01 11:40:00"			"DEMO"	
"demo4"	"Hospital-4"	"A"	"2013-02-01 11:40:00"			"DEMO"	
"demo5"	"Hospital-5"	"A"	"2013-02-01 11:40:00"			"DEMO"	
"demo6"	"Hospital-7"	"A"	"2013-02-01 11:40:00"			"DEMO"	
"demo7"	"Hospital-8"	"A"	"2013-02-01 11:40:00"			"DEMO"	
"demo8"	"Hospital-6"	"A"	"2013-02-01 11:40:00"			"DEMO"	
"demo9"	"Hospital-1"	"A"	"2013-02-01 11:40:00"			"DEMO"	
"demo9"	"Hospital-5"	"A"	"2013-02-01 11:40:00"			"DEMO"	
