"ANOVA"	"ANOVA"	"ANOVA"	"ANALYSIS_METHOD"	"29"	"0"
"F_TEST"	"F-test"	"F-test"	"ANALYSIS_METHOD"	"30"	"0"
"KOLMOGOROV-SMIRNOV"	"Kolmogorov-Smirnov"	"Kolmogorov-Smirnov"	"ANALYSIS_METHOD"	"31"	"0"
"KRUSKAL-WALLIS"	"Kruskal-Wallis"	"Kruskal-Wallis"	"ANALYSIS_METHOD"	"32"	"0"
"PAIRED_T_TEST"	"Paired T-test"	"Paired T-test"	"ANALYSIS_METHOD"	"33"	"0"
"SAM"	"SAM"	"SAM"	"ANALYSIS_METHOD"	"34"	"0"
"UNPAIRED_T_TEST"	"Unpaired T-test"	"Unpaired T-test"	"ANALYSIS_METHOD"	"35"	"0"
"WILCOXON_MAN-WHITNEY"	"Wilcoxon / Mann-Whitney"	"Wilcoxon / Mann-Whitney"	"ANALYSIS_METHOD"	"36"	"0"
"CLASSIFICATION"	"Classification"	"Distinguishing sample categories"	"ANALYTIC_CATEGORY"	"37"	"0"
"CLUSTERING"	"Clustering"	"Grouping similar expression behavior"	"ANALYTIC_CATEGORY"	"38"	"0"
"CORRELATION"	"Correlation"	"Indicating similar underlying regulation"	"ANALYTIC_CATEGORY"	"39"	"0"
"DIFFERENTIAL"	"Differential Expression"	"Comparative study"	"ANALYTIC_CATEGORY"	"40"	"0"
"DNA"	"DNA"	"DNA"	"ASSAY_BIOMARKER_TYPE"	"41"	"0"
"RNA"	"RNA"	"RNA"	"ASSAY_BIOMARKER_TYPE"	"42"	"0"
"PROTEIN"	"Protein"	"Protein"	"ASSAY_BIOMARKER_TYPE"	"43"	"0"
"OTHER"	"Other"	"Other"	"ASSAY_BIOMARKER_TYPE"	"44"	"0"
"NOT_APPLICABLE"	"Not applicable"	"Not applicable"	"ASSAY_BIOMARKER_TYPE"	"45"	"0"
"ANDORRA"	"ANDORRA"	"ANDORRA"	"COUNTRY"	"46"	"0"
"AFGHANISTAN"	"AFGHANISTAN"	"AFGHANISTAN"	"COUNTRY"	"47"	"0"
"ALAND_ISLANDS"	"ALAND ISLANDS"	"ALAND ISLANDS"	"COUNTRY"	"48"	"0"
"ALBANIA"	"ALBANIA"	"ALBANIA"	"COUNTRY"	"49"	"0"
"ALGERIA"	"ALGERIA"	"ALGERIA"	"COUNTRY"	"50"	"0"
"AMERICAN_SAMOA"	"AMERICAN SAMOA"	"AMERICAN SAMOA"	"COUNTRY"	"51"	"0"
"ANGOLA"	"ANGOLA"	"ANGOLA"	"COUNTRY"	"52"	"0"
"ANGUILLA"	"ANGUILLA"	"ANGUILLA"	"COUNTRY"	"53"	"0"
"ANTARCTICA"	"ANTARCTICA"	"ANTARCTICA"	"COUNTRY"	"54"	"0"
"ANTIGUA_AND_BARBUDA"	"ANTIGUA AND BARBUDA"	"ANTIGUA AND BARBUDA"	"COUNTRY"	"55"	"0"
"NETHERLANDS_ANTILLES"	"NETHERLANDS ANTILLES"	"NETHERLANDS ANTILLES"	"COUNTRY"	"56"	"0"
"ARGENTINA"	"ARGENTINA"	"ARGENTINA"	"COUNTRY"	"57"	"0"
"ARMENIA"	"ARMENIA"	"ARMENIA"	"COUNTRY"	"58"	"0"
"ARUBA"	"ARUBA"	"ARUBA"	"COUNTRY"	"59"	"0"
"AUSTRALIA"	"AUSTRALIA"	"AUSTRALIA"	"COUNTRY"	"60"	"0"
"AUSTRIA"	"AUSTRIA"	"AUSTRIA"	"COUNTRY"	"61"	"0"
"AZERBAIJAN"	"AZERBAIJAN"	"AZERBAIJAN"	"COUNTRY"	"62"	"0"
"BAHAMAS"	"BAHAMAS"	"BAHAMAS"	"COUNTRY"	"63"	"0"
"BAHRAIN"	"BAHRAIN"	"BAHRAIN"	"COUNTRY"	"64"	"0"
"BARBADOS"	"BARBADOS"	"BARBADOS"	"COUNTRY"	"65"	"0"
"BANGLADESH"	"BANGLADESH"	"BANGLADESH"	"COUNTRY"	"66"	"0"
"BELARUS"	"BELARUS"	"BELARUS"	"COUNTRY"	"67"	"0"
"BELGIUM"	"BELGIUM"	"BELGIUM"	"COUNTRY"	"68"	"0"
"BELIZE"	"BELIZE"	"BELIZE"	"COUNTRY"	"69"	"0"
"BENIN"	"BENIN"	"BENIN"	"COUNTRY"	"70"	"0"
"BERMUDA"	"BERMUDA"	"BERMUDA"	"COUNTRY"	"71"	"0"
"BHUTAN"	"BHUTAN"	"BHUTAN"	"COUNTRY"	"72"	"0"
"BOLIVIA"	"BOLIVIA"	"BOLIVIA"	"COUNTRY"	"73"	"0"
"BOSNIA_AND_HERZEGOVINA"	"BOSNIA AND HERZEGOVINA"	"BOSNIA AND HERZEGOVINA"	"COUNTRY"	"74"	"0"
"BOTSWANA"	"BOTSWANA"	"BOTSWANA"	"COUNTRY"	"75"	"0"
"BOUVET_ISLAND"	"BOUVET ISLAND"	"BOUVET ISLAND"	"COUNTRY"	"76"	"0"
"BRAZIL"	"BRAZIL"	"BRAZIL"	"COUNTRY"	"77"	"0"
"BRITISH_INDIAN_OCEAN_TERRITORY"	"BRITISH INDIAN OCEAN TERRITORY"	"BRITISH INDIAN OCEAN TERRITORY"	"COUNTRY"	"78"	"0"
"BRUNEI_DARUSSALAM"	"BRUNEI DARUSSALAM"	"BRUNEI DARUSSALAM"	"COUNTRY"	"79"	"0"
"BULGARIA"	"BULGARIA"	"BULGARIA"	"COUNTRY"	"80"	"0"
"BURKINA_FASO"	"BURKINA FASO"	"BURKINA FASO"	"COUNTRY"	"81"	"0"
"BURUNDI"	"BURUNDI"	"BURUNDI"	"COUNTRY"	"82"	"0"
"CAMBODIA"	"CAMBODIA"	"CAMBODIA"	"COUNTRY"	"83"	"0"
"CAMEROON"	"CAMEROON"	"CAMEROON"	"COUNTRY"	"84"	"0"
"CANADA"	"CANADA"	"CANADA"	"COUNTRY"	"85"	"0"
"CAPE_VERDE"	"CAPE VERDE"	"CAPE VERDE"	"COUNTRY"	"86"	"0"
"CAYMAN_ISLANDS"	"CAYMAN ISLANDS"	"CAYMAN ISLANDS"	"COUNTRY"	"87"	"0"
"CENTRAL_AFRICAN_REPUBLIC"	"CENTRAL AFRICAN REPUBLIC"	"CENTRAL AFRICAN REPUBLIC"	"COUNTRY"	"88"	"0"
"CHAD"	"CHAD"	"CHAD"	"COUNTRY"	"89"	"0"
"CHILE"	"CHILE"	"CHILE"	"COUNTRY"	"90"	"0"
"CHINA"	"CHINA"	"CHINA"	"COUNTRY"	"91"	"0"
"CHRISTMAS_ISLAND"	"CHRISTMAS ISLAND"	"CHRISTMAS ISLAND"	"COUNTRY"	"92"	"0"
"COCOS_KEELING_ISLANDS"	"COCOS (KEELING) ISLANDS"	"COCOS (KEELING) ISLANDS"	"COUNTRY"	"93"	"0"
"COLOMBIA"	"COLOMBIA"	"COLOMBIA"	"COUNTRY"	"94"	"0"
"COMOROS"	"COMOROS"	"COMOROS"	"COUNTRY"	"95"	"0"
"CONGO_THE_DEMOCRATIC_REPUBLIC_OF_THE"	"CONGO THE DEMOCRATIC REPUBLIC OF THE"	"CONGO THE DEMOCRATIC REPUBLIC OF THE"	"COUNTRY"	"96"	"0"
"CONGO"	"CONGO"	"CONGO"	"COUNTRY"	"97"	"0"
"COOK_ISLANDS"	"COOK ISLANDS"	"COOK ISLANDS"	"COUNTRY"	"98"	"0"
"COTE_D'IVOIRE"	"COTE D'IVOIRE"	"COTE D'IVOIRE"	"COUNTRY"	"99"	"0"
"COSTA_RICA"	"COSTA RICA"	"COSTA RICA"	"COUNTRY"	"100"	"0"
"CROATIA"	"CROATIA"	"CROATIA"	"COUNTRY"	"101"	"0"
"CUBA"	"CUBA"	"CUBA"	"COUNTRY"	"102"	"0"
"CYPRUS"	"CYPRUS"	"CYPRUS"	"COUNTRY"	"103"	"0"
"CZECH_REPUBLIC"	"CZECH REPUBLIC"	"CZECH REPUBLIC"	"COUNTRY"	"104"	"0"
"DENMARK"	"DENMARK"	"DENMARK"	"COUNTRY"	"105"	"0"
"DJIBOUTI"	"DJIBOUTI"	"DJIBOUTI"	"COUNTRY"	"106"	"0"
"DOMINICA"	"DOMINICA"	"DOMINICA"	"COUNTRY"	"107"	"0"
"DOMINICAN_REPUBLIC"	"DOMINICAN REPUBLIC"	"DOMINICAN REPUBLIC"	"COUNTRY"	"108"	"0"
"ECUADOR"	"ECUADOR"	"ECUADOR"	"COUNTRY"	"109"	"0"
"EGYPT"	"EGYPT"	"EGYPT"	"COUNTRY"	"110"	"0"
"EQUATORIAL_GUINEA"	"EQUATORIAL GUINEA"	"EQUATORIAL GUINEA"	"COUNTRY"	"111"	"0"
"ERITREA"	"ERITREA"	"ERITREA"	"COUNTRY"	"112"	"0"
"ESTONIA"	"ESTONIA"	"ESTONIA"	"COUNTRY"	"113"	"0"
"ETHIOPIA"	"ETHIOPIA"	"ETHIOPIA"	"COUNTRY"	"114"	"0"
"FALKLAND_ISLANDS_MALVINAS"	"FALKLAND ISLANDS (MALVINAS)"	"FALKLAND ISLANDS (MALVINAS)"	"COUNTRY"	"115"	"0"
"FAROE_ISLANDS"	"FAROE ISLANDS"	"FAROE ISLANDS"	"COUNTRY"	"116"	"0"
"FINLAND"	"FINLAND"	"FINLAND"	"COUNTRY"	"117"	"0"
"FIJI"	"FIJI"	"FIJI"	"COUNTRY"	"118"	"0"
"FRANCE"	"FRANCE"	"FRANCE"	"COUNTRY"	"119"	"0"
"FRENCH_GUIANA"	"FRENCH GUIANA"	"FRENCH GUIANA"	"COUNTRY"	"120"	"0"
"FRENCH_SOUTHERN_TERRITORIES"	"FRENCH SOUTHERN TERRITORIES"	"FRENCH SOUTHERN TERRITORIES"	"COUNTRY"	"121"	"0"
"GABON"	"GABON"	"GABON"	"COUNTRY"	"122"	"0"
"GAMBIA"	"GAMBIA"	"GAMBIA"	"COUNTRY"	"123"	"0"
"GEORGIA"	"GEORGIA"	"GEORGIA"	"COUNTRY"	"124"	"0"
"GERMANY"	"GERMANY"	"GERMANY"	"COUNTRY"	"125"	"0"
"GHANA"	"GHANA"	"GHANA"	"COUNTRY"	"126"	"0"
"GIBRALTAR"	"GIBRALTAR"	"GIBRALTAR"	"COUNTRY"	"127"	"0"
"GREECE"	"GREECE"	"GREECE"	"COUNTRY"	"128"	"0"
"GREENLAND"	"GREENLAND"	"GREENLAND"	"COUNTRY"	"129"	"0"
"GRENADA"	"GRENADA"	"GRENADA"	"COUNTRY"	"130"	"0"
"GUADELOUPE"	"GUADELOUPE"	"GUADELOUPE"	"COUNTRY"	"131"	"0"
"GUAM"	"GUAM"	"GUAM"	"COUNTRY"	"132"	"0"
"GUATEMALA"	"GUATEMALA"	"GUATEMALA"	"COUNTRY"	"133"	"0"
"GUERNSEY"	"GUERNSEY"	"GUERNSEY"	"COUNTRY"	"134"	"0"
"GUINEA"	"GUINEA"	"GUINEA"	"COUNTRY"	"135"	"0"
"GUINEA-BISSAU"	"GUINEA-BISSAU"	"GUINEA-BISSAU"	"COUNTRY"	"136"	"0"
"GUYANA"	"GUYANA"	"GUYANA"	"COUNTRY"	"137"	"0"
"HAITI"	"HAITI"	"HAITI"	"COUNTRY"	"138"	"0"
"HEARD_ISLAND_AND_MCDONALD_ISLANDS"	"HEARD ISLAND AND MCDONALD ISLANDS"	"HEARD ISLAND AND MCDONALD ISLANDS"	"COUNTRY"	"139"	"0"
"HONDURAS"	"HONDURAS"	"HONDURAS"	"COUNTRY"	"140"	"0"
"HONG_KONG"	"HONG KONG"	"HONG KONG"	"COUNTRY"	"141"	"0"
"HUNGARY"	"HUNGARY"	"HUNGARY"	"COUNTRY"	"142"	"0"
"ICELAND"	"ICELAND"	"ICELAND"	"COUNTRY"	"143"	"0"
"INDIA"	"INDIA"	"INDIA"	"COUNTRY"	"144"	"0"
"INDONESIA"	"INDONESIA"	"INDONESIA"	"COUNTRY"	"145"	"0"
"IRAN_ISLAMIC_REPUBLIC_OF"	"IRAN ISLAMIC REPUBLIC OF"	"IRAN ISLAMIC REPUBLIC OF"	"COUNTRY"	"146"	"0"
"IRAQ"	"IRAQ"	"IRAQ"	"COUNTRY"	"147"	"0"
"IRELAND"	"IRELAND"	"IRELAND"	"COUNTRY"	"148"	"0"
"ISLE_OF_MAN"	"ISLE OF MAN"	"ISLE OF MAN"	"COUNTRY"	"149"	"0"
"ISRAEL"	"ISRAEL"	"ISRAEL"	"COUNTRY"	"150"	"0"
"ITALY"	"ITALY"	"ITALY"	"COUNTRY"	"151"	"0"
"JAMAICA"	"JAMAICA"	"JAMAICA"	"COUNTRY"	"152"	"0"
"JAPAN"	"JAPAN"	"JAPAN"	"COUNTRY"	"153"	"0"
"JERSEY"	"JERSEY"	"JERSEY"	"COUNTRY"	"154"	"0"
"JORDAN"	"JORDAN"	"JORDAN"	"COUNTRY"	"155"	"0"
"KAZAKHSTAN"	"KAZAKHSTAN"	"KAZAKHSTAN"	"COUNTRY"	"156"	"0"
"KENYA"	"KENYA"	"KENYA"	"COUNTRY"	"157"	"0"
"KIRIBATI"	"KIRIBATI"	"KIRIBATI"	"COUNTRY"	"158"	"0"
"SAINT_KITTS_AND_NEVIS"	"SAINT KITTS AND NEVIS"	"SAINT KITTS AND NEVIS"	"COUNTRY"	"159"	"0"
"KOREA_DEMOCRATIC_PEOPLE'S_REPUBLIC_OF"	"KOREA DEMOCRATIC PEOPLE'S REPUBLIC OF"	"KOREA DEMOCRATIC PEOPLE'S REPUBLIC OF"	"COUNTRY"	"160"	"0"
"KOREA_REPUBLIC_OF"	"KOREA REPUBLIC OF"	"KOREA REPUBLIC OF"	"COUNTRY"	"161"	"0"
"KUWAIT"	"KUWAIT"	"KUWAIT"	"COUNTRY"	"162"	"0"
"KYRGYZSTAN"	"KYRGYZSTAN"	"KYRGYZSTAN"	"COUNTRY"	"163"	"0"
"LAO_PEOPLE'S_DEMOCRATIC_REPUBLIC"	"LAO PEOPLE'S DEMOCRATIC REPUBLIC"	"LAO PEOPLE'S DEMOCRATIC REPUBLIC"	"COUNTRY"	"164"	"0"
"LATVIA"	"LATVIA"	"LATVIA"	"COUNTRY"	"165"	"0"
"LEBANON"	"LEBANON"	"LEBANON"	"COUNTRY"	"166"	"0"
"LESOTHO"	"LESOTHO"	"LESOTHO"	"COUNTRY"	"167"	"0"
"LIBERIA"	"LIBERIA"	"LIBERIA"	"COUNTRY"	"168"	"0"
"LIBYAN_ARAB_JAMAHIRIYA"	"LIBYAN ARAB JAMAHIRIYA"	"LIBYAN ARAB JAMAHIRIYA"	"COUNTRY"	"169"	"0"
"LIECHTENSTEIN"	"LIECHTENSTEIN"	"LIECHTENSTEIN"	"COUNTRY"	"170"	"0"
"LITHUANIA"	"LITHUANIA"	"LITHUANIA"	"COUNTRY"	"171"	"0"
"SAINT_LUCIA"	"SAINT LUCIA"	"SAINT LUCIA"	"COUNTRY"	"172"	"0"
"LUXEMBOURG"	"LUXEMBOURG"	"LUXEMBOURG"	"COUNTRY"	"173"	"0"
"MACAO"	"MACAO"	"MACAO"	"COUNTRY"	"174"	"0"
"MACEDONIA_THE_FORMER_YUGOSLAV_REPUBLIC_OF"	"MACEDONIA THE FORMER YUGOSLAV REPUBLIC OF"	"MACEDONIA THE FORMER YUGOSLAV REPUBLIC OF"	"COUNTRY"	"175"	"0"
"MADAGASCAR"	"MADAGASCAR"	"MADAGASCAR"	"COUNTRY"	"176"	"0"
"MALAWI"	"MALAWI"	"MALAWI"	"COUNTRY"	"177"	"0"
"MALAYSIA"	"MALAYSIA"	"MALAYSIA"	"COUNTRY"	"178"	"0"
"MALDIVES"	"MALDIVES"	"MALDIVES"	"COUNTRY"	"179"	"0"
"MALI"	"MALI"	"MALI"	"COUNTRY"	"180"	"0"
"MALTA"	"MALTA"	"MALTA"	"COUNTRY"	"181"	"0"
"NORTHERN_MARIANA_ISLANDS"	"NORTHERN MARIANA ISLANDS"	"NORTHERN MARIANA ISLANDS"	"COUNTRY"	"182"	"0"
"MARSHALL_ISLANDS"	"MARSHALL ISLANDS"	"MARSHALL ISLANDS"	"COUNTRY"	"183"	"0"
"MARTINIQUE"	"MARTINIQUE"	"MARTINIQUE"	"COUNTRY"	"184"	"0"
"MAURITANIA"	"MAURITANIA"	"MAURITANIA"	"COUNTRY"	"185"	"0"
"MAURITIUS"	"MAURITIUS"	"MAURITIUS"	"COUNTRY"	"186"	"0"
"MAYOTTE"	"MAYOTTE"	"MAYOTTE"	"COUNTRY"	"187"	"0"
"MEXICO"	"MEXICO"	"MEXICO"	"COUNTRY"	"188"	"0"
"MICRONESIA_FEDERATED_STATES_OF"	"MICRONESIA FEDERATED STATES OF"	"MICRONESIA FEDERATED STATES OF"	"COUNTRY"	"189"	"0"
"MOLDOVA_REPUBLIC_OF"	"MOLDOVA REPUBLIC OF"	"MOLDOVA REPUBLIC OF"	"COUNTRY"	"190"	"0"
"MONACO"	"MONACO"	"MONACO"	"COUNTRY"	"191"	"0"
"MONGOLIA"	"MONGOLIA"	"MONGOLIA"	"COUNTRY"	"192"	"0"
"MONTENEGRO"	"MONTENEGRO"	"MONTENEGRO"	"COUNTRY"	"193"	"0"
"MONTSERRAT"	"MONTSERRAT"	"MONTSERRAT"	"COUNTRY"	"194"	"0"
"MOROCCO"	"MOROCCO"	"MOROCCO"	"COUNTRY"	"195"	"0"
"MOZAMBIQUE"	"MOZAMBIQUE"	"MOZAMBIQUE"	"COUNTRY"	"196"	"0"
"MYANMAR"	"MYANMAR"	"MYANMAR"	"COUNTRY"	"197"	"0"
"NAMIBIA"	"NAMIBIA"	"NAMIBIA"	"COUNTRY"	"198"	"0"
"NAURU"	"NAURU"	"NAURU"	"COUNTRY"	"199"	"0"
"NEPAL"	"NEPAL"	"NEPAL"	"COUNTRY"	"200"	"0"
"NETHERLANDS"	"NETHERLANDS"	"NETHERLANDS"	"COUNTRY"	"201"	"0"
"NEW_CALEDONIA"	"NEW CALEDONIA"	"NEW CALEDONIA"	"COUNTRY"	"202"	"0"
"NEW_ZEALAND"	"NEW ZEALAND"	"NEW ZEALAND"	"COUNTRY"	"203"	"0"
"NICARAGUA"	"NICARAGUA"	"NICARAGUA"	"COUNTRY"	"204"	"0"
"NIGER"	"NIGER"	"NIGER"	"COUNTRY"	"205"	"0"
"NIGERIA"	"NIGERIA"	"NIGERIA"	"COUNTRY"	"206"	"0"
"NIUE"	"NIUE"	"NIUE"	"COUNTRY"	"207"	"0"
"NORFOLK_ISLAND"	"NORFOLK ISLAND"	"NORFOLK ISLAND"	"COUNTRY"	"208"	"0"
"NORWAY"	"NORWAY"	"NORWAY"	"COUNTRY"	"209"	"0"
"OMAN"	"OMAN"	"OMAN"	"COUNTRY"	"210"	"0"
"PAKISTAN"	"PAKISTAN"	"PAKISTAN"	"COUNTRY"	"211"	"0"
"PALAU"	"PALAU"	"PALAU"	"COUNTRY"	"212"	"0"
"PALESTINIAN_TERRITORY_OCCUPIED"	"PALESTINIAN TERRITORY OCCUPIED"	"PALESTINIAN TERRITORY OCCUPIED"	"COUNTRY"	"213"	"0"
"PANAMA"	"PANAMA"	"PANAMA"	"COUNTRY"	"214"	"0"
"PAPUA_NEW_GUINEA"	"PAPUA NEW GUINEA"	"PAPUA NEW GUINEA"	"COUNTRY"	"215"	"0"
"PARAGUAY"	"PARAGUAY"	"PARAGUAY"	"COUNTRY"	"216"	"0"
"PERU"	"PERU"	"PERU"	"COUNTRY"	"217"	"0"
"SAINT_PIERRE_AND_MIQUELON"	"SAINT PIERRE AND MIQUELON"	"SAINT PIERRE AND MIQUELON"	"COUNTRY"	"218"	"0"
"PHILIPPINES"	"PHILIPPINES"	"PHILIPPINES"	"COUNTRY"	"219"	"0"
"PITCAIRN"	"PITCAIRN"	"PITCAIRN"	"COUNTRY"	"220"	"0"
"POLAND"	"POLAND"	"POLAND"	"COUNTRY"	"221"	"0"
"FRENCH_POLYNESIA"	"FRENCH POLYNESIA"	"FRENCH POLYNESIA"	"COUNTRY"	"222"	"0"
"PORTUGAL"	"PORTUGAL"	"PORTUGAL"	"COUNTRY"	"223"	"0"
"PUERTO_RICO"	"PUERTO RICO"	"PUERTO RICO"	"COUNTRY"	"224"	"0"
"QATAR"	"QATAR"	"QATAR"	"COUNTRY"	"225"	"0"
"REUNION"	"REUNION"	"REUNION"	"COUNTRY"	"226"	"0"
"ROMANIA"	"ROMANIA"	"ROMANIA"	"COUNTRY"	"227"	"0"
"RUSSIAN_FEDERATION"	"RUSSIAN FEDERATION"	"RUSSIAN FEDERATION"	"COUNTRY"	"228"	"0"
"RWANDA"	"RWANDA"	"RWANDA"	"COUNTRY"	"229"	"0"
"SAINT_HELENA"	"SAINT HELENA"	"SAINT HELENA"	"COUNTRY"	"230"	"0"
"EL_SALVADOR"	"EL SALVADOR"	"EL SALVADOR"	"COUNTRY"	"231"	"0"
"SAMOA"	"SAMOA"	"SAMOA"	"COUNTRY"	"232"	"0"
"SAN_MARINO"	"SAN MARINO"	"SAN MARINO"	"COUNTRY"	"233"	"0"
"SAO_TOME_AND_PRINCIPE"	"SAO TOME AND PRINCIPE"	"SAO TOME AND PRINCIPE"	"COUNTRY"	"234"	"0"
"SAUDI_ARABIA"	"SAUDI ARABIA"	"SAUDI ARABIA"	"COUNTRY"	"235"	"0"
"SENEGAL"	"SENEGAL"	"SENEGAL"	"COUNTRY"	"236"	"0"
"SERBIA"	"SERBIA"	"SERBIA"	"COUNTRY"	"237"	"0"
"SEYCHELLES"	"SEYCHELLES"	"SEYCHELLES"	"COUNTRY"	"238"	"0"
"SIERRA_LEONE"	"SIERRA LEONE"	"SIERRA LEONE"	"COUNTRY"	"239"	"0"
"SINGAPORE"	"SINGAPORE"	"SINGAPORE"	"COUNTRY"	"240"	"0"
"SLOVAKIA"	"SLOVAKIA"	"SLOVAKIA"	"COUNTRY"	"241"	"0"
"SLOVENIA"	"SLOVENIA"	"SLOVENIA"	"COUNTRY"	"242"	"0"
"SOLOMON_ISLANDS"	"SOLOMON ISLANDS"	"SOLOMON ISLANDS"	"COUNTRY"	"243"	"0"
"SOMALIA"	"SOMALIA"	"SOMALIA"	"COUNTRY"	"244"	"0"
"SOUTH_AFRICA"	"SOUTH AFRICA"	"SOUTH AFRICA"	"COUNTRY"	"245"	"0"
"SOUTH_GEORGIA_AND_THE_SOUTH_SANDWICH_ISLANDS"	"SOUTH GEORGIA AND THE SOUTH SANDWICH ISLANDS"	"SOUTH GEORGIA AND THE SOUTH SANDWICH ISLANDS"	"COUNTRY"	"246"	"0"
"SOUTH_SUDAN"	"SOUTH SUDAN"	"SOUTH SUDAN"	"COUNTRY"	"247"	"0"
"SPAIN"	"SPAIN"	"SPAIN"	"COUNTRY"	"248"	"0"
"SRI_LANKA"	"SRI LANKA"	"SRI LANKA"	"COUNTRY"	"249"	"0"
"SUDAN"	"SUDAN"	"SUDAN"	"COUNTRY"	"250"	"0"
"SURINAME"	"SURINAME"	"SURINAME"	"COUNTRY"	"251"	"0"
"SVALBARD_AND_JAN_MAYEN"	"SVALBARD AND JAN MAYEN"	"SVALBARD AND JAN MAYEN"	"COUNTRY"	"252"	"0"
"SWAZILAND"	"SWAZILAND"	"SWAZILAND"	"COUNTRY"	"253"	"0"
"SWEDEN"	"SWEDEN"	"SWEDEN"	"COUNTRY"	"254"	"0"
"SWITZERLAND"	"SWITZERLAND"	"SWITZERLAND"	"COUNTRY"	"255"	"0"
"SYRIAN_ARAB_REPUBLIC"	"SYRIAN ARAB REPUBLIC"	"SYRIAN ARAB REPUBLIC"	"COUNTRY"	"256"	"0"
"TAIWAN_PROVINCE_OF_CHINA"	"TAIWAN PROVINCE OF CHINA"	"TAIWAN PROVINCE OF CHINA"	"COUNTRY"	"257"	"0"
"TAJIKISTAN"	"TAJIKISTAN"	"TAJIKISTAN"	"COUNTRY"	"258"	"0"
"TANZANIA_UNITED_REPUBLIC_OF"	"TANZANIA UNITED REPUBLIC OF"	"TANZANIA UNITED REPUBLIC OF"	"COUNTRY"	"259"	"0"
"THAILAND"	"THAILAND"	"THAILAND"	"COUNTRY"	"260"	"0"
"TIMOR-LESTE"	"TIMOR-LESTE"	"TIMOR-LESTE"	"COUNTRY"	"261"	"0"
"TOGO"	"TOGO"	"TOGO"	"COUNTRY"	"262"	"0"
"TOKELAU"	"TOKELAU"	"TOKELAU"	"COUNTRY"	"263"	"0"
"TONGA"	"TONGA"	"TONGA"	"COUNTRY"	"264"	"0"
"TRINIDAD_AND_TOBAGO"	"TRINIDAD AND TOBAGO"	"TRINIDAD AND TOBAGO"	"COUNTRY"	"265"	"0"
"TUNISIA"	"TUNISIA"	"TUNISIA"	"COUNTRY"	"266"	"0"
"TURKMENISTAN"	"TURKMENISTAN"	"TURKMENISTAN"	"COUNTRY"	"267"	"0"
"TURKEY"	"TURKEY"	"TURKEY"	"COUNTRY"	"268"	"0"
"TURKS_AND_CAICOS_ISLANDS"	"TURKS AND CAICOS ISLANDS"	"TURKS AND CAICOS ISLANDS"	"COUNTRY"	"269"	"0"
"TUVALU"	"TUVALU"	"TUVALU"	"COUNTRY"	"270"	"0"
"UGANDA"	"UGANDA"	"UGANDA"	"COUNTRY"	"271"	"0"
"UKRAINE"	"UKRAINE"	"UKRAINE"	"COUNTRY"	"272"	"0"
"UNITED_ARAB_EMIRATES"	"UNITED ARAB EMIRATES"	"UNITED ARAB EMIRATES"	"COUNTRY"	"273"	"0"
"UNITED_STATES"	"UNITED STATES"	"UNITED STATES"	"COUNTRY"	"274"	"0"
"UNITED_STATES_MINOR_OUTLYING_ISLANDS"	"UNITED STATES MINOR OUTLYING ISLANDS"	"UNITED STATES MINOR OUTLYING ISLANDS"	"COUNTRY"	"275"	"0"
"UNITED_KINGDOM"	"UNITED KINGDOM"	"UNITED KINGDOM"	"COUNTRY"	"276"	"0"
"URUGUAY"	"URUGUAY"	"URUGUAY"	"COUNTRY"	"277"	"0"
"UZBEKISTAN"	"UZBEKISTAN"	"UZBEKISTAN"	"COUNTRY"	"278"	"0"
"VANUATU"	"VANUATU"	"VANUATU"	"COUNTRY"	"279"	"0"
"HOLY_SEE_VATICAN_CITY_STATE"	"HOLY SEE (VATICAN CITY STATE)"	"HOLY SEE (VATICAN CITY STATE)"	"COUNTRY"	"280"	"0"
"VENEZUELA"	"VENEZUELA"	"VENEZUELA"	"COUNTRY"	"281"	"0"
"VIET_NAM"	"VIET NAM"	"VIET NAM"	"COUNTRY"	"282"	"0"
"SAINT_VINCENT_AND_THE_GRENADINES"	"SAINT VINCENT AND THE GRENADINES"	"SAINT VINCENT AND THE GRENADINES"	"COUNTRY"	"283"	"0"
"VIRGIN_ISLANDS_BRITISH"	"VIRGIN ISLANDS BRITISH"	"VIRGIN ISLANDS BRITISH"	"COUNTRY"	"284"	"0"
"VIRGIN_ISLANDS_US"	"VIRGIN ISLANDS U.S."	"VIRGIN ISLANDS U.S."	"COUNTRY"	"285"	"0"
"WALLIS_AND_FUTUNA"	"WALLIS AND FUTUNA"	"WALLIS AND FUTUNA"	"COUNTRY"	"286"	"0"
"WESTERN_SAHARA"	"WESTERN SAHARA"	"WESTERN SAHARA"	"COUNTRY"	"287"	"0"
"YEMEN"	"YEMEN"	"YEMEN"	"COUNTRY"	"288"	"0"
"ZAMBIA"	"ZAMBIA"	"ZAMBIA"	"COUNTRY"	"289"	"0"
"ZIMBABWE"	"ZIMBABWE"	"ZIMBABWE"	"COUNTRY"	"290"	"0"
"NOT_APPLICABLE"	"Not Applicable"	"Not Applicable"	"COUNTRY"	"291"	"0"
"IN_VIVO_HUMAN"	"in vivo (Human), not cell line"	"in vivo (Human), not cell line"	"EXPERIMENT_TYPE"	"292"	"0"
"IN_VIVO_ANIMAL"	"in vivo (Animal), not cell line"	"in vivo (Animal), not cell line"	"EXPERIMENT_TYPE"	"293"	"0"
"EX_VIVO_HUMAN"	"ex vivo (Human), not cell line"	"ex vivo (Human), not cell line"	"EXPERIMENT_TYPE"	"294"	"0"
"ESTABLISHED"	"Established cell line"	"Established cell line"	"EXPERIMENT_TYPE"	"295"	"0"
"PRIMARY"	"Primary cultures"	"Primary cultures"	"EXPERIMENT_TYPE"	"296"	"0"
"RAW_DATA"	"Raw data"	"Raw data"	"FILE_TYPE"	"297"	"0"
"ETL_FILES"	"ETL files"	"ETL files"	"FILE_TYPE"	"298"	"0"
"FINDINGS"	"Findings"	"Findings"	"FILE_TYPE"	"299"	"0"
"PROCESSED_DATA"	"Processed data"	"Processed data"	"FILE_TYPE"	"300"	"0"
"PROTOCOL"	"Protocol"	"Protocol"	"FILE_TYPE"	"301"	"0"
"REPORT"	"Report"	"Report"	"FILE_TYPE"	"302"	"0"
"OTHER"	"Other"	"Other"	"FILE_TYPE"	"303"	"0"
"ACTUAL"	"actual fold change"	"actual fold change"	"FOLD_CHG_METRIC"	"304"	"0"
"TRINARY"	"-1 (down), 1 (up), 0 (optional for unchanged)"	"-1 (down), 1 (up), 0 (optional for unchanged)"	"FOLD_CHG_METRIC"	"305"	"0"
"NOT_USED"	"not used (i.e. gene list)"	"not used (i.e. gene list)"	"FOLD_CHG_METRIC"	"306"	"0"
"CLINICAL_TRIAL"	"Clinical Trial"	"Clinical Trial source"	"GENE_SIG_SOURCE"	"307"	"0"
"EXPERIMENT"	"Experiment"	"Experiment source"	"GENE_SIG_SOURCE"	"308"	"0"
"LITERATURE"	"Literature"	"Literature"	"GENE_SIG_SOURCE"	"309"	"0"
"GC-RMA"	"GC-RMA"	"GC-RMA"	"NORMALIZATION_METHOD"	"310"	"0"
"MAS5"	"MAS5"	"MAS5"	"NORMALIZATION_METHOD"	"311"	"0"
"NONE"	"None"	"None"	"NORMALIZATION_METHOD"	"312"	"0"
"RMA"	"RMA"	"RMA"	"NORMALIZATION_METHOD"	"313"	"0"
"OTHER"	"other"	"helper concept"	"OTHER"	"1"	"0"
"1_PERC"	".01"	".01"	"P_VAL_CUTOFF"	"314"	"0"
"5_PERC"	".05"	".05"	"P_VAL_CUTOFF"	"315"	"0"
"UNDEFINED"	"undefined"	"undefined"	"P_VAL_CUTOFF"	"316"	"0"
"ALTHEADX"	"AltheaDx"	"AltheaDx"	"PROVIDER"	"317"	"0"
"COVANCE"	"Covance"	"Covance"	"PROVIDER"	"318"	"0"
"EXELIXIS"	"Exelixis"	"Exelixis"	"PROVIDER"	"319"	"0"
"HTG"	"HTG"	"HTG"	"PROVIDER"	"320"	"0"
"QUALTEK"	"QualTek"	"QualTek"	"PROVIDER"	"321"	"0"
"QUINTILES"	"Quintiles"	"Quintiles"	"PROVIDER"	"322"	"0"
"VENTANA"	"Ventana"	"Ventana"	"PROVIDER"	"323"	"0"
"VERIDEX"	"Veridexa"	"Veridex"	"PROVIDER"	"324"	"0"
"VIALELAB"	"Viale Lab"	"Viale Lab"	"PROVIDER"	"325"	"0"
"OTHER"	"Other"	"Other"	"PROVIDER"	"326"	"0"
"UNKNOWN"	"Unknown"	"Unknown"	"PROVIDER"	"327"	"0"
"NOTAPPLICABLE"	"Not applicable"	"Not applicable"	"PROVIDER"	"328"	"0"
"AEDES_AEGYPTI"	"Aedes aegypti"	"Aedes aegypti"	"SPECIES"	"703"	"0"
"AILUROPODA_MELANOLEUCA"	"Ailuropoda melanoleuca"	"Giant panda"	"SPECIES"	"736"	"0"
"ARABIDOPSIS_THALIANA"	"Arabidopsis thaliana"	"Arabidopsis thaliana"	"SPECIES"	"329"	"0"
"BOS_TAURUS"	"Bos taurus"	"Bos taurus"	"SPECIES"	"330"	"0"
"CAENORHABDITIS_ELEGANS"	"Caenorhabditis elegans"	"Caenorhabditis elegans"	"SPECIES"	"331"	"0"
"CALLITHRIX_JACCHUS"	"Callithrix jacchus"	"Common marmoset"	"SPECIES"	"704"	"0"
"CANIS_LUPUS_FAMILIARIS"	"Canis lupus familiaris"	"Dog"	"SPECIES"	"332"	"0"
"CHLAMYDOMONAS_REINHARDTII"	"Chlamydomonas reinhardtii"	"Chlamydomonas reinhardtii"	"SPECIES"	"333"	"0"
"CHLOROCEBUS_AETHIOPS"	"Chlorocebus aethiops"	"African green monkey"	"SPECIES"	"705"	"0"
"CHLOROCEBUS_PYGERYTHRUS"	"Chlorocebus pygerythrus"	"Vervet"	"SPECIES"	"737"	"0"
"DANIO_RERIO_ZEBRAFISH"	"Danio rerio"	"Zebrafish (Danio rerio)"	"SPECIES"	"335"	"0"
"DICTYOSTELIUM_DISCOIDEUM"	"Dictyostelium discoideum"	"Dictyostelium discoideum"	"SPECIES"	"336"	"0"
"DROSOPHILA_MELANOGASTER"	"Drosophila melanogaster"	"Drosophila melanogaster"	"SPECIES"	"337"	"0"
"ESCHERICHIA_COLI"	"Escherichia coli"	"Escherichia coli"	"SPECIES"	"338"	"0"
"GALLUS_GALLUS"	"Gallus gallus"	"Chicken"	"SPECIES"	"706"	"0"
"HEPATITIS_C_VIRUS"	"Hepatitis C virus"	"Hepatitis C virus"	"SPECIES"	"339"	"0"
"HOMO_SAPIENS"	"Homo sapiens"	"Human"	"SPECIES"	"340"	"0"
"MACACA_FASCICULARIS"	"Macaca fascicularis"	"Cynomolgus macaque"	"SPECIES"	"334"	"0"
"MACACA_MULATTA"	"Macaca mulatta"	"Rhesus monkey"	"SPECIES"	"707"	"0"
"MESOCRICETUS_AURATUS"	"Mesocricetus auratus"	"Hamster"	"SPECIES"	"715"	"0"
"MOUSE_1"	"Mouse (Balb/c)"	"Mouse (Balb/c)"	"SPECIES"	"341"	"0"
"MOUSE_2"	"Mouse (C57BL/6)"	"Mouse (C57BL/6)"	"SPECIES"	"342"	"0"
"MOUSE_3"	"Mouse (knockout or transgenic)"	"Mouse (knockout or transgenic)"	"SPECIES"	"343"	"0"
"MOUSE_4"	"Mouse (other)"	"Mouse (other)"	"SPECIES"	"344"	"0"
"MUS_MUSCULUS"	"Mus musculus"	"Mouse"	"SPECIES"	"345"	"0"
"MUSTELA_PUTORIUS_FURO"	"Mustela putorius furo"	"Ferret"	"SPECIES"	"702"	"0"
"MYCOPLASMA_PNEUMONIAE"	"Mycoplasma pneumoniae"	"Mycoplasma pneumoniae"	"SPECIES"	"346"	"0"
"ORYZA_SATIVA"	"Oryza sativa"	"Rice (Oryza sativa)"	"SPECIES"	"347"	"0"
"OVIS_ARIES"	"Ovis aries"	"Sheep"	"SPECIES"	"708"	"0"
"PLASMODIUM_FALCIPARUM"	"Plasmodium falciparum"	"Plasmodium falciparum (malaria)"	"SPECIES"	"348"	"0"
"PNEUMOCYSTIS_CARINII"	"Pneumocystis carinii"	"Pneumocystis carinii"	"SPECIES"	"349"	"0"
"RATTUS_NORVEGICUS"	"Rattus norvegicus"	"Rattus norvegicus"	"SPECIES"	"350"	"0"
"RATTUS_RATTUS"	"Rattus rattus"	"Rattus rattus"	"SPECIES"	"351"	"0"
"SACCHAROMYCES_CEREVISIAE"	"Saccharomyces cerevisiae"	"Saccharomyces cerevisiae"	"SPECIES"	"352"	"0"
"SCHIZOSACCHAROMYCES_POMBE"	"Schizosaccharomyces pombe"	"Schizosaccharomyces pombe"	"SPECIES"	"353"	"0"
"SUS_SCROFA"	"Sus scrofa"	"Pig"	"SPECIES"	"709"	"0"
"TAKIFUGU_RUBRIPES"	"Takifugu rubripes"	"Takifugu rubripes"	"SPECIES"	"354"	"0"
"XENOPUS_LAEVIS"	"Xenopus laevis"	"Xenopus laevis"	"SPECIES"	"355"	"0"
"ZEA_MAYS"	"Zea mays"	"Zea mays"	"SPECIES"	"356"	"0"
"STREPTOCOCCUS_PNEUMONIAE"	"Streptococcus pneumoniae"	"Streptococcus pneumoniae"	"SPECIES"	"357"	"0"
"INFLUENZA_VIRUS"	"Influenza virus"	"Influenza A virus"	"SPECIES"	"358"	"0"
"FLAVIVIRUS_FEBRICIS"	"Flavivirus febricis"	"Yellow fever virus"	"SPECIES"	"359"	"0"
"CORONAVIRUS"	"Coronavirus"	"Coronavirus"	"SPECIES"	"710"	"0"
"MERS_COV"	"MERS-CoV"	"Middle East respiratory syndrome-related coronavirus"	"SPECIES"	"711"	"0"
"SARS_COV"	"SARS-CoV"	"Severe acute respiratory syndrome-related coronavirus"	"SPECIES"	"712"	"0"
"SARS_COV_2"	"SARS-CoV-2"	"COVID-19 associated coronavirus"	"SPECIES"	"713"	"0"
"VIRUSES"	"Viruses"	"Viruses"	"SPECIES"	"714"	"0"
"OTHER"	"Other"	"Other species"	"SPECIES"	"360"	"0"
"3T3-SWISS_ALBINO_CELLS"	"3T3 Swiss albino cells"	"3T3 Swiss albino knockout mouse cells"	"SPECIES"	"716"	"0"
"A-549_CELLS"	"A-549 cells"	"A-549 human lung adenocarcinoma cells"	"SPECIES"	"717"	"0"
"BEAS-2B_CELLS"	"BEAS-2B cells"	"BEAS-2B human bronchial epithelium Ad12 transformed cells"	"SPECIES"	"718"	"0"
"CACO-2_CELLS"	"Caco-2 cells"	"Caco-2 human colon carcinoma cells"	"SPECIES"	"719"	"0"
"CALU-3_CELLS"	"Calu-3 cells"	"Calu-3 human lung adenocarcinoma cells"	"SPECIES"	"720"	"0"
"HEK293_CELLS"	"HEK293 cells"	"HEK293 human fetal cells"	"SPECIES"	"721"	"0"
"HELA_CELLS"	"HeLa cells"	"HeLa human papillomavirus-related endocervical adenocarcinoma cells"	"SPECIES"	"722"	"0"
"HUH-7_CELLS"	"Huh-7 cells"	"Huh-7 human adult hepatocellular carcinoma cells"	"SPECIES"	"723"	"0"
"IPEC_CELLS"	"IPEC cells"	"IPEC bovine (not porcine) intestinal epithelial cells"	"SPECIES"	"724"	"0"
"MA-104_CELLS"	"MA-104 cells"	"MA-104 green monkey fetal cells"	"SPECIES"	"725"	"0"
"MRC-5_CELLS"	"MRC-5 cells"	"MRC-5 human fetal lung cells"	"SPECIES"	"726"	"0"
"NCI-H1299_CELLS"	"NCI-H1299 cells"	"NCI-H1299 human lung large cell carcinomacells"	"SPECIES"	"727"	"0"
"NHBE_CC-2540_CELLS"	"NHBE CC-2540 cells"	"NHBE CC-2540 human bronchial/tracheal epithelial cells"	"SPECIES"	"728"	"0"
"OK_CELLS"	"OK cells"	"OK opossum kidney cells"	"SPECIES"	"729"	"0"
"U2OS_CELLS"	"U2OS cells"	"U2OS human osteosarcoma cells"	"SPECIES"	"730"	"0"
"VERO_CELLS"	"Vero (81) cells"	"Vero (81) green monkey kidney epithelium cells"	"SPECIES"	"731"	"0"
"VERO_76_CELLS"	"Vero 76 cells"	"Vero 76 green monkey kidney epithelium cells"	"SPECIES"	"732"	"0"
"VERO_C1008_CELLS"	"Vero C1008 (E6) cells"	"Vero C1008 (E6) green monkey kidney epithelium cells"	"SPECIES"	"733"	"0"
"VERO_F6_CELLS"	"Vero F6 cells"	"Vero F6 green monkey kidney epithelium cells"	"SPECIES"	"734"	"0"
"OTHER_CELLS"	"Other cells"	"Other cells"	"SPECIES"	"735"	"0"
"INTERNAL"	"Internal"	"Internal"	"STUDY_ACCESS_TYPE"	"361"	"0"
"PUBLIC"	"Public"	"Public"	"STUDY_ACCESS_TYPE"	"362"	"0"
"COMMERCIAL"	"Commercial"	"Commercial"	"STUDY_ACCESS_TYPE"	"363"	"0"
"CONSORTIUM"	"Consortium"	"Consortium"	"STUDY_ACCESS_TYPE"	"364"	"0"
"NOT_APPLICABLE"	"Not applicable"	"Not applicable"	"STUDY_ACCESS_TYPE"	"365"	"0"
"PD_BIOMARKER"	"PD biomarker"	"PD biomarker"	"STUDY_BIOMARKER_TYPE"	"366"	"0"
"PATIENT_SELECTION_BIOMARKER"	"Patient selection biomarker"	"Patient selection biomarker"	"STUDY_BIOMARKER_TYPE"	"367"	"0"
"EFFICACY_BIOMARKER"	"Efficacy biomarker"	"Efficacy biomarker"	"STUDY_BIOMARKER_TYPE"	"368"	"0"
"NOT_APPLICABLE"	"Not applicable"	"Not applicable"	"STUDY_BIOMARKER_TYPE"	"369"	"0"
"INTERVENTIONAL"	"Interventional"	"Interventional"	"STUDY_DESIGN"	"370"	"0"
"INTERVENTIONAL_LONG"	"Interventional longitudinal"	"Interventional longitudinal"	"STUDY_DESIGN"	"371"	"0"
"OBSERVATIONAL"	"Observational"	"Observational"	"STUDY_DESIGN"	"372"	"0"
"OBSERVATIONAL_LONG"	"Observational longitudinal"	"Observational longitudinal"	"STUDY_DESIGN"	"373"	"0"
"OTHER"	"Other"	"Other"	"STUDY_DESIGN"	"374"	"0"
"DISCOVER_TARGETS_BIOLOGICAL_CONTEXTS"	"Discover targets/biological contexts"	"Discover targets/biological contexts"	"STUDY_OBJECTIVE"	"375"	"0"
"SELECT_LEAD_OR_DEVELOPMENT_CANDIDATES"	"Select lead or development candidates"	"Select lead or development candidates"	"STUDY_OBJECTIVE"	"376"	"0"
"DISCOVER_BIOMARKERS"	"Discover biomarkers"	"Discover biomarkers"	"STUDY_OBJECTIVE"	"377"	"0"
"QUALIFY_ASSAYS"	"Qualify assays"	"Qualify assays"	"STUDY_OBJECTIVE"	"378"	"0"
"DEMONSTRATE_MECHANISTIC_PROOF_OF_CONCEPT_IN_CLINIC"	"Demonstrate mechanistic Proof of Concept in clinic"	"Demonstrate mechanistic Proof of Concept in clinic"	"STUDY_OBJECTIVE"	"379"	"0"
"DEMONSTRATE_CLINICAL_BENEFIT_PROOF_OF_CONCEPT_IN_CLINIC"	"Demonstrate clinical benefit Proof of Concept in clinic"	"Demonstrate clinical benefit Proof of Concept in clinic"	"STUDY_OBJECTIVE"	"380"	"0"
"SAFETY_ASSESSMENT"	"Safety assessment"	"Safety assessment"	"STUDY_OBJECTIVE"	"381"	"0"
"MODE_OF_ACTION_ANALYSIS"	"Mode Of Action analysis"	"Mode Of Action analysis"	"STUDY_OBJECTIVE"	"382"	"0"
"NOT_APPLICABLE"	"Not applicable"	"Not applicable"	"STUDY_OBJECTIVE"	"383"	"0"
"TARGET_IDENTIFICATION_VALIDATION"	"Target identification / validation"	"Target identification / validation"	"STUDY_PHASE"	"384"	"0"
"HIT_FINDING"	"Hit finding"	"Hit finding"	"STUDY_PHASE"	"385"	"0"
"LEAD_OPTIMIZATION"	"Lead optimization"	"Lead optimization"	"STUDY_PHASE"	"386"	"0"
"DEVELOPMENT_CANDIDATE"	"Development candidate"	"Development candidate"	"STUDY_PHASE"	"387"	"0"
"PRECLINICAL"	"Preclinical"	"Preclinical"	"STUDY_PHASE"	"388"	"0"
"PHASE_I"	"Phase I"	"Phase I"	"STUDY_PHASE"	"389"	"0"
"PHASE_II"	"Phase II"	"Phase II"	"STUDY_PHASE"	"390"	"0"
"PHASE_III"	"Phase III"	"Phase III"	"STUDY_PHASE"	"391"	"0"
"REGULATORY_SUBMISSION"	"Regulatory submission"	"Regulatory submission"	"STUDY_PHASE"	"392"	"0"
"POST_MARKET_APPROVAL"	"Post market approval"	"Post market approval"	"STUDY_PHASE"	"393"	"0"
"LIFE_CYCLE_MANAGEMENT"	"Life cycle management"	"Life cycle management"	"STUDY_PHASE"	"394"	"0"
"NOT_APPLICABLE"	"Not applicable"	"Not applicable"	"STUDY_PHASE"	"395"	"0"
"PHASE_ZERO"	"Phase 0"	"Phase 0"	"STUDY_PHASE"	"396"	"0"
"IN_PREPARATION"	"In preparation"	"In preparation"	"STUDY_PUBLICATION_STATUS"	"397"	"0"
"SUBMITTED"	"Submitted"	"Submitted"	"STUDY_PUBLICATION_STATUS"	"398"	"0"
"PUBLISHED"	"Published"	"Published"	"STUDY_PUBLICATION_STATUS"	"399"	"0"
"NOT_APPLICABLE"	"Not applicable"	"Not applicable"	"STUDY_PUBLICATION_STATUS"	"400"	"0"
"BACTERIAL_AND_FUNGAL_DISEASES"	"Bacterial and Fungal Diseases"	"Bacterial and Fungal Diseases"	"THERAPEUTIC_DOMAIN"	"401"	"0"
"BEHAVIORS_AND_MENTAL_DISORDERS"	"Behaviors and Mental Disorders"	"Behaviors and Mental Disorders"	"THERAPEUTIC_DOMAIN"	"402"	"0"
"BLOOD_AND_LYMPH_CONDITIONS"	"Blood and Lymph Conditions (Hematology)"	"Blood and Lymph Conditions (Hematology)"	"THERAPEUTIC_DOMAIN"	"403"	"0"
"CANCERS_AND_OTHER_NEOPLASMS"	"Cancers and Other Neoplasms (Oncology)"	"Cancers and Other Neoplasms (Oncology)"	"THERAPEUTIC_DOMAIN"	"404"	"0"
"CHILDHOOD_DISEASES"	"Childhood diseases (Pediatrics)"	"Childhood diseases (Pediatrics)"	"THERAPEUTIC_DOMAIN"	"405"	"0"
"DIGESTIVE_SYSTEM_DISEASES"	"Digestive System Diseases (Gastroenterology)"	"Digestive System Diseases (Gastroenterology)"	"THERAPEUTIC_DOMAIN"	"406"	"0"
"DISEASES_AND_ABNORMALITIES_AT_OR_BEFORE_BIRTH"	"Diseases and Abnormalities at or before Birth (Neonatology)"	"Diseases and Abnormalities at or before Birth (Neonatology)"	"THERAPEUTIC_DOMAIN"	"407"	"0"
"EAR_NOSE_AND_THROAT_DISEASES"	"Ear Nose and Throat Diseases (Otolaryngology)"	"Ear Nose and Throat Diseases (Otolaryngology)"	"THERAPEUTIC_DOMAIN"	"408"	"0"
"EYE_DISEASES"	"Eye Diseases (Ophthalmology)"	"Eye Diseases (Ophthalmology)"	"THERAPEUTIC_DOMAIN"	"409"	"0"
"FAMILY_MEDICINE"	"Family Medicine"	"Family Medicine"	"THERAPEUTIC_DOMAIN"	"410"	"0"
"GENETIC_DISEASES"	"Genetic Diseases"	"Genetic Diseases"	"THERAPEUTIC_DOMAIN"	"411"	"0"
"GLAND_AND_HORMONE_RELATED_DISEASES"	"Gland and Hormone Related Diseases (Endocrinology)"	"Gland and Hormone Related Diseases (Endocrinology)"	"THERAPEUTIC_DOMAIN"	"412"	"0"
"HEART_AND_BLOOD_DISEASES"	"Heart and Blood Diseases (Cardiovascular)"	"Heart and Blood Diseases (Cardiovascular)"	"THERAPEUTIC_DOMAIN"	"413"	"0"
"HEALTHY_VOLUNTEERS"	"Healthy Volunteers"	"Healthy Volunteers"	"THERAPEUTIC_DOMAIN"	"414"	"0"
"HEPATOLOGY"	"Hepatology (Liver, Pancreatic, Gall Bladder)"	"Hepatology (Liver, Pancreatic, Gall Bladder)"	"THERAPEUTIC_DOMAIN"	"415"	"0"
"IMMUNE_SYSTEM_DISEASES"	"Immune System Diseases (Immunology)"	"Immune System Diseases (Immunology)"	"THERAPEUTIC_DOMAIN"	"416"	"0"
"MOUTH_AND_TOOTH_DISEASES"	"Mouth and Tooth Diseases (Dental and Oral Health)"	"Mouth and Tooth Diseases (Dental and Oral Health)"	"THERAPEUTIC_DOMAIN"	"417"	"0"
"MUSCLE_BONE_AND_CARTILAGE_DISEASES"	"Muscle Bone and Cartilage Diseases (Musculoskeletal)"	"Muscle Bone and Cartilage Diseases (Musculoskeletal)"	"THERAPEUTIC_DOMAIN"	"418"	"0"
"NERVOUS_SYSTEM_DISEASES"	"Nervous System Diseases (Neurology)"	"Nervous System Diseases (Neurology)"	"THERAPEUTIC_DOMAIN"	"419"	"0"
"NUTRITIONAL_AND_METABOLIC_DISEASES"	"Nutritional and Metabolic Diseases"	"Nutritional and Metabolic Diseases"	"THERAPEUTIC_DOMAIN"	"420"	"0"
"OCCUPATIONAL_DISEASES"	"Occupational Diseases"	"Occupational Diseases"	"THERAPEUTIC_DOMAIN"	"421"	"0"
"PARASITIC_DISEASES"	"Parasitic Diseases"	"Parasitic Diseases"	"THERAPEUTIC_DOMAIN"	"422"	"0"
"PLASTIC_SURGERY"	"Plastic Surgery"	"Plastic Surgery"	"THERAPEUTIC_DOMAIN"	"423"	"0"
"PHARMACOLOGY_TOXICOLOGY"	"Pharmacology and Toxicology"	"Pharmacology and Toxicology"	"THERAPEUTIC_DOMAIN"	"424"	"0"
"PODIATRY"	"Feet (Podiatry)"	"Feet (Podiatry)"	"THERAPEUTIC_DOMAIN"	"425"	"0"
"PSYCHIATRY_PSYCHOLOGY"	"Psychiatry and Psychology"	"Psychiatry and Psychology"	"THERAPEUTIC_DOMAIN"	"426"	"0"
"RESPIRATORY_TRACT_LUNG_AND_BRONCHIAL_DISEASES"	"Respiratory Tract (Lung and Bronchial) Diseases"	"Respiratory Tract (Lung and Bronchial) Diseases"	"THERAPEUTIC_DOMAIN"	"427"	"0"
"RHEUMATOLOGY"	"Rheumatology"	"Rheumatology"	"THERAPEUTIC_DOMAIN"	"428"	"0"
"SKIN_AND_CONNECTIVE_TISSUE_DISEASES"	"Skin and Connective Tissue Diseases (Dermatology)"	"Skin and Connective Tissue Diseases (Dermatology)"	"THERAPEUTIC_DOMAIN"	"429"	"0"
"SLEEP_DISORDERS"	"Sleep Disorders"	"Sleep Disorders"	"THERAPEUTIC_DOMAIN"	"430"	"0"
"SUBSTANCE_RELATED_DISORDERS"	"Substance Related Disorders"	"Substance Related Disorders"	"THERAPEUTIC_DOMAIN"	"431"	"0"
"SYMPTOMS_AND_GENERAL_PATHOLOGY"	"Symptoms and General Pathology"	"Symptoms and General Pathology"	"THERAPEUTIC_DOMAIN"	"432"	"0"
"NEPHROLOGY"	"Kidney and Urinary Tract Diseases (Nephrology)"	"Kidney and Urinary Tract Diseases (Nephrology)"	"THERAPEUTIC_DOMAIN"	"433"	"0"
"UROLOGY"	"Urinary Tract and Male Reproductive System"	"Urinary Tract and Male Reproductive System"	"THERAPEUTIC_DOMAIN"	"434"	"0"
"OBSTETRICS_GYNECOLOGY"	"Obstetrics and Gynecology"	"Obstetrics and Gynecology"	"THERAPEUTIC_DOMAIN"	"435"	"0"
"VACCINES"	"Preventative and Therapeutic Vaccines"	"Preventative and Therapeutic vaccines"	"THERAPEUTIC_DOMAIN"	"436"	"0"
"VIRAL_DISEASES"	"Viral Diseases"	"Viral Diseases"	"THERAPEUTIC_DOMAIN"	"437"	"0"
"WOUNDS_AND_INJURIES"	"Trauma, Wounds and Injuries"	"Trauma, Wounds and Injuries"	"THERAPEUTIC_DOMAIN"	"438"	"0"
"OTHER"	"Other"	"Other"	"THERAPEUTIC_DOMAIN"	"439"	"0"
"BREAST"	"Breast"	"Breast"	"TISSUE_TYPE"	"440"	"0"
"BRAIN"	"Brain"	"Brain"	"TISSUE_TYPE"	"441"	"0"
"COLON"	"Colon"	"Colon"	"TISSUE_TYPE"	"442"	"0"
"HEART"	"Heart"	"Heart"	"TISSUE_TYPE"	"443"	"0"
"KIDNEY"	"Kidney"	"Kidney"	"TISSUE_TYPE"	"444"	"0"
"LARGE_INTESTINE"	"Large Intestine"	"Large Intestine"	"TISSUE_TYPE"	"445"	"0"
"LIVER"	"Liver"	"Liver"	"TISSUE_TYPE"	"446"	"0"
"LYMPH_NODE"	"Lymph Node"	"Lymph Node"	"TISSUE_TYPE"	"447"	"0"
"LUNG"	"Lung"	"Lung"	"TISSUE_TYPE"	"448"	"0"
"SKIN"	"Skin"	"Skin"	"TISSUE_TYPE"	"449"	"0"
"SMALL_INTESTINE"	"Small Intestine"	"Small Intestine"	"TISSUE_TYPE"	"450"	"0"
"SPLEEN"	"Spleen"	"Spleen"	"TISSUE_TYPE"	"451"	"0"
"OTHER"	"Other"	"Other"	"TISSUE_TYPE"	"701"	"0"
